country,iso,continent,pop,life_exp,life_sat,footprint,hpi,gdp,hpi_rank
Afghanistan,AFG,South Asia,42647.492,66.289,,0.7900000214576721,,,
Albania,ALB,Eastern Europe & Central Asia,2791.765,79.776,5.576481719970699,2.380000114440918,55.847194586566054,21641.07,25.0
Algeria,DZA,Middle East & N. Africa,46814.308,76.475,5.631017650604248,2.7453911304473877,51.611896389515074,15501.92,45.0
Argentina,ARG,Latin America,45696.159,77.543,6.535278942108157,2.680000066757202,58.30534170746147,26771.97,13.0
Armenia,ARM,Eastern Europe & Central Asia,2973.84,75.846,5.417568580627439,2.753451108932495,49.82708231506166,20078.78,64.0
Australia,AUS,N America & Oceania,26713.205,84.073,6.862598968505861,7.864104747772217,42.965442337684095,60303.98,101.0
Austria,AUT,Western Europe,9120.813,82.12,6.794640865325928,5.400000095367432,49.831174864241866,63788.08,63.0
Azerbaijan,AZE,Eastern Europe & Central Asia,10336.577,74.576,4.857,,,22072.15,
Bahrain,BHR,Middle East & N. Africa,1607.049,81.423,6.101000000000001,7.652388572692871,38.846520369710944,58891.83,127.0
Bangladesh,BGD,South Asia,173562.364,74.93,4.018318672180175,0.9200000166893005,50.37749925241402,8486.78,58.0
Belarus,BLR,Eastern Europe & Central Asia,9056.696,74.624,,4.090000152587891,,29040.97,
Belgium,BEL,Western Europe,11738.763,82.274,6.929756305694578,4.840000152587891,53.00689137711638,63347.79,39.0
Belize,BLZ,Latin America,417.072,73.739,6.711,2.156449794769287,59.36945703573683,12621.41,7.0
Benin,BEN,Africa,14462.724,60.961,4.433431091308595,1.0700000524520874,41.258786744001696,3901.33,115.0
Bhutan,BTN,South Asia,791.524,73.262,,4.800000190734863,,,
Bolivia,BOL,Latin America,12413.315,68.739,5.820624019622802,2.609999895095825,47.457436952779794,11329.15,71.0
Bosnia and Herzegovina,BIH,Eastern Europe & Central Asia,3164.253,78.044,6.266823165893555,3.9158167839050293,50.62528184687995,20527.69,54.0
Botswana,BWA,Africa,2521.139,69.293,3.548,2.200000047683716,36.938925510947335,18068.51,132.0
Brazil,BRA,Latin America,211998.573,76.023,6.675953498840329,2.4600000381469727,59.228883675303464,19652.37,8.0
Bulgaria,BGR,Eastern Europe & Central Asia,6757.689,75.795,5.694693325042724,3.956916332244873,45.80185229007606,34221.53,84.0
Burkina Faso,BFA,Africa,23548.781,61.292,4.30550853729248,1.159999966621399,40.33250466716559,2547.67,121.0
Burundi,BDI,Africa,14047.786,63.818,,0.6299999952316284,,1051.26,
Cambodia,KHM,East Asia,17638.801,70.817,4.555141448974609,1.590000033378601,46.91543681320705,7008.89,78.0
Cameroon,CMR,Africa,29123.744,63.968,5.001747573852537,1.0499999523162842,47.21111013448319,4916.93,74.0
Canada,CAN,N America & Oceania,39742.43,82.719,6.648435482025143,6.679999828338623,44.864158407110175,56706.82,94.0
Central African Republic,CAF,Africa,5330.69,57.671,,1.9600000381469727,,1111.22,
Chad,TCD,Africa,20299.123,55.238,4.210000000000001,1.2100000381469727,34.92775276705415,2412.87,135.0
Chile,CHL,Latin America,19764.771,81.359,6.43863079833984,3.7899999618530273,54.611921705636426,30182.79,31.0
China,CHN,East Asia,1419321.278,78.017,5.758864494323731,3.75,48.56637386616968,23845.62,67.0
Colombia,COL,Latin America,52886.363,77.913,6.216958477020263,1.8600000143051147,61.879792504365085,18477.21,2.0
Comoros,COM,Africa,866.628,67.023,4.130000000000001,0.9067125916481018,45.072498958116945,3482.53,92.0
Congo (Brazzaville),COG,Africa,6332.961,66.001,4.347531272888183,0.9900000095367432,45.1839119233853,6181.47,90.0
Congo (Kinshasa),COD,Africa,109276.265,62.074,3.817,0.6700000166893005,40.52562239359426,1602.07,120.0
Costa Rica,CRI,Latin America,5129.91,80.996,7.365448219299314,2.640000104904175,66.75606450047952,26973.44,1.0
Cote d'Ivoire,CIV,Africa,31934.23,62.11,5.1218066368103035,1.1799999475479126,45.60080560211858,6747.04,86.0
Croatia,HRV,Eastern Europe & Central Asia,3875.325,78.751,6.070790370941161,4.730000019073486,46.58698713784233,42829.2,81.0
Cyprus,CYP,Western Europe,1358.282,81.821,5.89120223236084,4.019999980926514,50.702386035280966,52635.58,52.0
Czech Republic,CZE,Eastern Europe & Central Asia,10735.859,79.97,6.801496776580812,5.019999980926514,49.96288451086082,47963.9,62.0
Denmark,DNK,Western Europe,5977.412,82.094,7.512747158050534,6.489999771118164,49.14059262369048,71431.29,65.0
Dominican Republic,DOM,Latin America,11427.557,73.868,6.099537128448485,2.319999933242798,54.74150625829348,24229.89,29.0
Ecuador,ECU,Latin America,18135.478,77.579,6.154872150421145,2.272425889968872,58.459076772414505,13935.54,12.0
Egypt,EGY,Middle East & N. Africa,116538.258,71.806,3.5457477760314955,1.3799999952316284,42.25079841262897,16798.15,108.0
El Salvador,SLV,Latin America,6338.193,72.302,6.500447029113769,2.1600000858306885,56.79474114597667,11669.08,23.0
Estonia,EST,Eastern Europe & Central Asia,1360.546,79.309,6.460915500640866,6.559999942779541,42.37601286060033,41189.67,105.0
Eswatini,SWZ,Africa,1242.822,64.264,4.046,1.850000023841858,37.88661049458644,10380.4,130.0
Ethiopia,ETH,Africa,132059.767,67.603,3.9720000000000004,0.8899999856948853,44.589454313479834,2892.22,97.0
Finland,FIN,Western Europe,5617.31,82.077,7.77937780380249,5.81807804107666,53.00420636899164,56123.15,40.0
France,FRA,Western Europe,66548.53,83.458,6.608206607818605,4.480000019073486,53.738150098935336,54799.35,35.0
Gabon,GAB,Africa,2538.952,68.511,5.1174222869873045,2.256734848022461,45.10153565447446,18923.66,91.0
Gambia,GMB,Africa,2759.988,66.057,4.2989999999999995,0.8954350352287292,45.45803977797446,3057.68,88.0
Georgia,GEO,Eastern Europe & Central Asia,3807.67,74.657,5.556273479461673,3.252401828765869,47.34801548413827,24883.91,72.0
Germany,DEU,Western Europe,84552.242,81.539,6.856523754119873,3.7699999809265137,57.26459398986242,62554.55,21.0
Ghana,GHA,Africa,34427.414,65.695,4.530950668334961,1.940000057220459,41.21103823903604,7055.62,117.0
Greece,GRC,Western Europe,10047.817,82.031,5.630214191436767,3.5799999237060547,51.40792870825201,37474.28,48.0
Guatemala,GTM,Latin America,18406.359,72.746,6.511999999999999,1.7757152318954468,59.75132780900246,12640.89,5.0
Guinea,GIN,Africa,14754.785,60.904,4.6625395469665545,1.7899999618530273,39.06216382213061,4016.34,126.0
Haiti,HTI,Latin America,11772.557,65.119,,0.6299999952316284,,2809.65,
Honduras,HND,Latin America,10825.703,73.044,6.101636016845706,1.7641910314559937,57.48974944506256,6585.86,17.0
Hong Kong,HKG,East Asia,7414.909,85.634,5.671550846099853,6.996104717254639,40.97555332002848,66153.97,118.0
Hungary,HUN,Eastern Europe & Central Asia,9676.135,77.181,5.920647853851317,3.99550724029541,47.78678395381742,40686.93,70.0
Iceland,ISL,Western Europe,393.396,83.013,7.534624786376948,7.827371120452881,45.35657113217681,67310.06,89.0
India,IND,South Asia,1450935.791,72.235,4.563253765106202,1.1399999856948853,50.69030292853335,9818.04,53.0
Indonesia,IDN,East Asia,283487.931,71.288,5.580173179626463,1.6699999570846558,53.2763325572041,14470.44,37.0
Iran,IRN,Middle East & N. Africa,91567.738,77.854,5.297814140319824,3.7898523807525635,45.732110408201954,17484.13,85.0
Iraq,IRQ,Middle East & N. Africa,46042.015,72.424,4.713667984008788,2.059999942779541,46.61554223708602,12725.04,79.0
Ireland,IRL,Western Europe,5255.017,82.58,6.980651977539065,6.058292865753174,48.515170336791854,119037.73,68.0
Italy,ITA,Western Europe,59342.867,83.869,6.7397448997497555,3.9700000286102295,57.3014859723248,53265.0,20.0
Jamaica,JAM,Latin America,2839.175,71.606,6.160063063303629,1.9500000476837158,55.41931764773995,11340.26,27.0
Japan,JPN,East Asia,123753.041,84.852,6.352324806213382,3.9600000381469727,55.79619658140301,46106.92,26.0
Jordan,JOR,Middle East & N. Africa,11552.876,77.981,4.281149169921875,1.3700000047683716,51.77774583152657,9520.25,43.0
Kazakhstan,KAZ,Eastern Europe & Central Asia,20592.571,74.531,6.829634017944336,6.012433052062988,42.83638194654154,35973.96,104.0
Kenya,KEN,Africa,56432.944,63.834,4.58454095840454,1.0,44.84800990061688,5845.2,95.0
Kosovo,XKX,Eastern Europe & Central Asia,1684.79,78.222,6.942499488830567,,,15716.29,
Kuwait,KWT,Middle East & N. Africa,4934.507,80.6,6.3069999999999995,7.3032073974609375,40.23677787902136,46137.47,122.0
Kyrgyzstan,KGZ,Eastern Europe & Central Asia,7186.009,71.824,5.995699722290034,2.4496681690216064,51.72293718505877,7048.99,44.0
Laos,LAO,East Asia,7769.819,69.225,5.250521778106689,0.949999988079071,53.99496962789419,8600.32,33.0
Latvia,LVA,Eastern Europe & Central Asia,1871.871,76.33,6.2720907630920415,6.46999979019165,40.073040162027276,37611.67,123.0
Lebanon,LBN,Middle East & N. Africa,5805.962,77.945,3.6218094043731703,2.180000066757202,42.922864424083386,,103.0
Lesotho,LSO,Africa,2337.423,57.798,4.328,1.2279623746871948,37.43230166805314,2640.29,131.0
Liberia,LBR,Africa,5612.817,62.324,4.292999999999999,1.4800000190734863,39.516630459678325,1646.06,125.0
Libya,LBY,Middle East & N. Africa,7381.023,71.121,5.774000000000001,4.143561363220215,42.31976302607629,12583.83,106.0
Lithuania,LTU,Eastern Europe & Central Asia,2859.11,76.167,6.897572525024412,5.639999866485596,45.47897920941555,47165.37,87.0
Luxembourg,LUX,Western Europe,673.036,82.361,7.063,10.329999923706055,36.771618623283345,128475.28,133.0
Madagascar,MDG,Africa,31964.956,63.835,4.015000000000001,0.6899999976158142,43.039810300106076,1657.05,100.0
Malawi,MWI,Africa,21655.286,67.561,3.152283231735229,0.800000011920929,39.64798717090969,1634.25,124.0
Malaysia,MYS,East Asia,35557.673,76.821,5.9703917121887216,4.159999847412109,47.101871142987484,34116.23,75.0
Mali,MLI,Africa,24478.595,60.675,4.452095760345458,1.1299999952316284,40.835656009669044,2916.19,119.0
Malta,MLT,Western Europe,539.607,83.467,6.35371509552002,5.71999979019165,47.24111945064565,62700.49,73.0
Mauritania,MRT,Africa,5169.395,68.713,4.616,1.9871422052383423,43.67734629732807,6482.69,99.0
Mauritius,MUS,Africa,1271.169,75.102,5.99712004470825,3.950000047683716,46.94793752321513,28011.16,76.0
Mexico,MEX,Latin America,130861.007,75.264,6.893750789642336,2.6700000762939453,58.60264600561293,22039.63,11.0
Moldova,MDA,Eastern Europe & Central Asia,3034.961,71.332,5.968048748016358,2.99018931388855,48.40667108034026,16376.61,69.0
Mongolia,MNG,East Asia,3475.54,71.985,6.132034049987794,7.610000133514404,34.09128164491412,16842.65,136.0
Montenegro,MNE,Eastern Europe & Central Asia,638.479,77.254,6.047,4.869999885559082,44.95083298289184,28105.71,93.0
Morocco,MAR,Middle East & N. Africa,38081.173,75.493,4.807248645782471,1.8640310764312744,50.55229875887933,9162.75,56.0
Mozambique,MOZ,Africa,34631.766,63.797,5.100486824035645,0.6100000143051147,50.40735077188626,1500.31,57.0
Myanmar,MMR,East Asia,54500.091,67.095,4.248039707183837,1.1100000143051147,44.74782929370569,5276.29,96.0
Namibia,NAM,Africa,3030.131,67.516,4.7282071228027345,2.449441432952881,41.327565181382106,10281.34,113.0
Nepal,NPL,South Asia,29651.054,70.636,5.0813001480102535,0.8799999952316284,54.577341541218765,5046.82,32.0
Netherlands,NLD,Western Europe,18228.742,82.304,7.275151287078856,5.929236888885498,50.25290824651072,70498.88,59.0
New Zealand,NZL,N America & Oceania,5213.944,82.245,6.90570063018799,4.955965042114258,52.3473369019845,49316.4,41.0
Nicaragua,NIC,Latin America,6916.14,75.1,6.233348834991457,1.793121099472046,59.962354482799164,7661.6,4.0
Niger,NER,Africa,27032.412,61.433,5.062999999999999,1.2100000381469727,44.52520297787883,1803.44,98.0
Nigeria,NGA,Africa,232679.478,54.635,4.487265689849853,0.75,37.99801091806888,7994.22,129.0
North Macedonia,MKD,Eastern Europe & Central Asia,1823.009,77.54,5.936749984741212,3.1600000858306885,52.0658655690429,24203.29,42.0
Norway,NOR,Western Europe,5576.66,83.46,7.241573696136474,4.460000038146973,57.35951219545411,91105.25,19.0
Oman,OMN,Middle East & N. Africa,5281.538,80.246,6.197,5.139999866485596,46.60254647860133,36721.08,80.0
Pakistan,PAK,South Asia,251269.164,67.799,4.708834526062011,0.7300000190734863,50.597033141778006,5500.32,55.0
Panama,PAN,Latin America,4515.577,79.775,6.699778720855715,2.917762279510498,59.73261268750702,36394.92,6.0
Paraguay,PRY,Latin America,6929.153,73.982,6.160535297393796,2.4000000953674316,54.737435508659644,16296.28,30.0
Peru,PER,Latin America,34217.848,77.941,6.01231781768799,2.3399999141693115,57.42895057768,15661.75,18.0
Philippines,PHL,East Asia,115843.67,69.946,6.0830578498840335,1.3799999952316284,57.14890343933924,10375.94,22.0
Poland,POL,Eastern Europe & Central Asia,38539.201,78.81,6.6710688285827615,4.309999942779541,51.55004806353715,45153.04,46.0
Portugal,PRT,Western Europe,10425.292,82.55,6.132014392852785,4.260000228881836,51.463216082698665,42197.2,47.0
Qatar,QAT,Middle East & N. Africa,3048.423,82.522,,11.989999771118164,,110889.79,
Romania,ROU,Eastern Europe & Central Asia,19015.088,76.093,6.764725605010987,3.0399999618530273,56.38893820053233,40504.0,24.0
Rwanda,RWA,Africa,14256.567,68.017,,0.8299999833106995,,3264.64,
Saudi Arabia,SAU,Middle East & N. Africa,33962.757,78.982,6.463294380187985,6.7679009437561035,41.558228960223666,62792.77,112.0
Senegal,SEN,Africa,18501.984,68.924,4.563830600738525,1.5299999713897705,45.850085279212486,4460.92,83.0
Serbia,SRB,Eastern Europe & Central Asia,6736.216,76.939,6.6352673912048346,4.269999980926514,50.19309603185386,26900.85,60.0
Sierra Leone,SLE,Africa,8642.022,61.964,2.9732944335937503,0.9900000095367432,33.830531733149144,3098.76,137.0
Singapore,SGP,East Asia,5832.387,83.863,6.6707171287536635,9.390288352966309,38.11479810644392,132569.53,128.0
Slovakia,SVK,Eastern Europe & Central Asia,5506.76,78.492,6.346503761291505,4.03000020980835,50.85448260279966,40319.05,50.0
Slovenia,SVN,Eastern Europe & Central Asia,2118.697,81.777,6.908220932006834,5.400000095367432,50.1759211052345,48648.91,61.0
Somalia,SOM,Africa,19009.151,58.967,4.508,0.8299999833106995,41.3100180618459,1409.33,114.0
South Africa,ZAF,Africa,64007.187,66.312,5.180653793334962,2.5899999141693115,42.27836809300863,13597.65,107.0
South Korea,KOR,East Asia,51717.59,84.434,6.052745285034181,5.110000133514404,48.64136807452054,55070.94,66.0
Spain,ESP,Western Europe,47910.526,83.799,6.604611167907713,3.190000057220459,60.7685729335416,48460.29,3.0
Sri Lanka,LKA,South Asia,23103.565,77.672,4.0894469604492185,1.2799999713897705,50.7294183400929,13752.84,51.0
Sudan,SDN,Africa,50448.963,66.521,,1.3430238962173462,,1861.4,
Sweden,SWE,Western Europe,10606.999,83.424,7.442280033111572,5.099999904632568,55.36600063027391,62978.94,28.0
Switzerland,CHE,Western Europe,8921.981,84.088,6.952672481536865,3.9100000858306885,59.03478022481628,82286.18,9.0
Taiwan,TWN,East Asia,23213.962,80.75,6.744744155883787,,,,
Tajikistan,TJK,Eastern Europe & Central Asia,10590.927,71.927,5.546824226379394,1.0499999523162842,57.715990202957755,4755.93,16.0
Tanzania,TZA,Africa,68560.157,67.212,3.7375679798126207,0.9900000095367432,42.23032653053155,3713.26,109.0
Thailand,THA,East Asia,71668.011,76.564,6.376096809387207,2.450000047683716,57.9014693354933,21740.54,14.0
Togo,TGO,Africa,9515.236,62.932,4.33954384613037,1.090000033378601,42.16590658169595,2960.78,110.0
Trinidad and Tobago,TTO,Latin America,1507.782,73.617,5.905,,,31960.16,
Tunisia,TUN,Middle East & N. Africa,12277.109,76.711,4.889485969543458,1.6399999856948853,53.36292219468711,12774.92,36.0
Turkey,TUR,Middle East & N. Africa,87473.805,77.421,4.9406396141052245,3.140000104904175,46.26680175041115,36154.49,82.0
Turkmenistan,TKM,Eastern Europe & Central Asia,7494.498,70.201,,4.449999809265137,,18662.3,
Uganda,UGA,Africa,50015.092,68.487,4.4025335578918465,1.090000033378601,46.93871908801192,2879.67,77.0
United Arab Emirates,ARE,Middle East & N. Africa,11027.129,83.069,6.81106751251221,8.207727432250977,41.233357816392676,69701.8,116.0
United Kingdom,GBR,Western Europe,69138.192,81.448,6.8039619560241675,3.440000057220459,58.68360548061472,52621.18,10.0
United States of America,USA,N America & Oceania,345426.571,79.463,6.9560878486633335,7.110000133514404,42.94815664003954,75489.27,102.0
Uruguay,URY,Latin America,3386.588,78.287,6.651700401306151,3.8490703105926514,53.23432384720026,32038.77,38.0
Uzbekistan,UZB,Eastern Europe & Central Asia,36361.859,72.528,6.17930797958374,2.3399999141693115,53.9924144580129,10450.21,34.0
Vanuatu,VUT,East Asia,327.777,71.654,,1.3095362186431885,,3172.05,
Venezuela,VEN,Latin America,28405.543,72.673,5.335553005218504,1.9299999475479126,51.34325785181324,,49.0
Vietnam,VNM,East Asia,100987.686,74.736,6.467249824523925,2.309999942779541,57.773813153473284,14415.22,15.0
Yemen,YEM,Middle East & N. Africa,40583.164,69.439,,0.5299999713897705,,,
Zambia,ZMB,Africa,21314.956,66.528,3.902154989242554,1.1399999856948853,41.98673962001623,3708.07,111.0
Zimbabwe,ZWE,Africa,16634.373,63.064,3.319578208923339,1.2699999809265137,35.41307154275354,5215.25,134.0
